,feature_1,feature_2,target
0,-0.16711808031685435,0.14671368643332283,-24.15886904687538
1,-0.020901593964148132,0.117327383308782,-25.27973652847947
2,0.15041890514357628,0.3649610024662251,27.018155916874996
3,0.5556044660034485,0.08958068125524882,-9.88740969408406
4,0.058208718445999896,-1.142970297830623,-23.216045508517382
5,-0.966976143129213,-0.047711356141979855,-10.808528118646308
6,-1.0016200098949155,-0.2811002928859549,-35.83111332736954
7,-1.6694052811213718,0.543360192379935,-39.660216294966105
8,0.11958036841415326,-0.9730689408815555,13.082395568579269
9,-1.4063174636718339,-0.08310557262869477,-42.436530780155586
10,0.8995998754332507,0.30729952087660933,35.13468594965043
11,-1.3471262895296965,-0.9716140385106515,-53.51982412479867
12,-0.5621680265783021,-0.20922187374452778,-4.335885275969122
13,-0.46603650186824225,-1.5947030672667954,-33.42859016858349
14,0.6141667000434252,0.7575077100473051,44.618703868111005
15,0.326133022242118,-1.2511135763853032,26.217233430330914
16,-0.24717738252059693,-0.6819842479977986,1.242918890468525
17,-0.9746816702273214,0.787084603742452,-63.36148639898329
18,-0.6124373746404379,0.36150352520610163,3.3709918328420194
19,2.062524919243145,-1.0675329142542729,93.82311915595572
20,0.594754341665286,0.8534155587803077,3.461274102977036
21,-1.2608839543350452,0.9178619470547761,-22.98617768430595
22,-0.8289950109220725,-0.5601810401969697,-37.028941389367425
23,-1.1057046684859357,-0.21492103028873533,-51.023618038101425
24,-1.3044695005048532,0.6696725488300385,-61.67276256130079
25,-0.7084067669104628,-1.5137143926128271,-32.24152957643667
26,0.30805053950410216,-0.3916485674217908,-17.410629504905295
27,1.4765403497258958,1.3800913541474515,77.62276711061723
28,1.8732977762175456,1.0800480657146485,120.04368939404043
29,-0.13263374638257355,-0.9745293046706415,-26.190836449031586
30,-0.3649527295428853,-0.8392096673390064,-48.383195872343876
31,0.06428001909546277,-1.0777447779293061,-14.761566521350764
32,0.4933179008808892,0.1848361236948739,2.028213712490601
33,0.7569886166453519,-0.9221653241776254,17.050873431958415
34,-0.5518581458924467,2.5581992856682523,-28.60015128669151
35,0.21409374413020396,-1.245738778711988,-30.58238233088383
36,1.4027943109360992,-1.4018510627922809,45.79063461413496
37,-1.0469109826819396,0.5366527525272862,1.1674199105205645
38,1.0560568090660518,0.22323891412915967,69.91342458051497
39,-1.2515394241904443,1.4437646040732597,-68.19283044390576
40,-0.7043436905427592,-1.4084612963635597,-65.29063398852783
41,-0.13845598398377382,-1.2242982362893657,-2.4605893261831024
42,1.2382830714336357,0.02127157673606165,70.7809814301682
43,0.742095372009307,0.2992925804064919,38.86400913937557
44,-0.04692057887918407,0.47704082722312147,19.607860730676624
45,-0.24606248812994846,-0.8432465953161914,-70.53371805217579
46,0.4599721429391164,-0.6777153697521061,-11.992208040752896
47,0.12029563171189886,0.514438834058749,37.975436524647925
48,-0.48943944251822213,1.044160877069072,0.7612484718508412
49,0.6256673477650062,-0.8571575564162826,32.257382941516596
50,1.7359638031652493,0.1979107834626478,45.52945977771052
51,0.06023020994102644,2.463242112485286,23.963060303360898
52,-1.4480843414973241,-1.4074637743765552,-26.452325226544986
53,0.26739231407190295,0.3216978061960136,43.39491529765998
54,0.013929291912946203,-0.024125087110003277,-5.471517764615199
55,0.3230792731160291,-0.2523535021262876,9.874990338457383
56,0.6427227598675439,1.3291525301324314,74.78968282370829
57,-0.32267983884213575,-0.25083301645504735,-11.894493800469132
58,0.7910319470430469,-0.9093874547947389,34.00986845785904
59,-1.141689114133505,-0.19365945927971812,-62.92288914286949
60,0.33848384346169114,-0.29540141013902943,4.4998164021742335
61,-0.17495975669540864,-0.7557451594928447,8.500224465040494
62,-0.070165711458647,-1.660960933515991,-32.257665141841485
63,-0.21967188783751193,0.3571125715117464,-17.06745854180354
64,-0.661786464768388,0.852433334796224,-5.6227715073269415
65,0.19905969557347003,-0.6002168771587947,7.437043952704041
66,0.9751197334177512,-0.14705738150213865,48.05420112054572
67,0.8711247034316923,-0.32602353216784113,13.688665083229331
68,0.3672873134013406,1.8381836767951223,10.314610697613983
69,-1.3985675738191412,0.5629692366905709,-53.46222127819731
70,0.07682189106025536,-1.2829922241885696,-30.255890168357425
71,-0.2590421458207031,-0.19634984908497827,-39.39422616065421
72,-0.3653215513121087,0.1846803058649084,12.92526079563963
73,-1.4183657329330317,-1.7608088119807759,-75.29781008840388
74,-0.8096035199216461,0.4240610444640897,-53.11409210911623
75,-0.06413834659299263,0.32876241030348075,-20.357266059453877
76,0.0917607765355023,-1.9875689146008928,-17.569919431860523
77,0.5298041779152828,1.4415686206579004,31.76749222598761
78,-0.03582603910995153,1.564643655814006,8.358200841557164
79,0.29612027706457605,0.26105527217988933,30.28043571167774
80,0.22213377163371276,-0.4787486216634771,32.69221883457427
81,-0.0332299906444608,-0.2081168572725397,12.17351564389951
82,1.6777008140764407,-0.5535882417079946,78.73619226337965
83,-1.556581898659751,-0.4281151609659125,-80.38703777991435
84,1.7976865268495226,0.6408428612670098,88.82743873286805
85,-0.36361221221385587,-0.056945623721067457,-42.23219200325889
86,0.5583269125217224,0.0760053914124115,27.17740663082625
87,-0.44643361455052827,0.19408999289830758,-2.0397687594986937
88,0.28586539072490513,0.33445678998702516,6.454971039255926
89,0.5150476863060478,3.8527314906547208,28.387331358707765
90,2.1330333746562666,-1.9520877995225019,69.48742660225936
91,0.0438114719791096,-0.14700200162848862,14.180045306865722
92,0.57707212718054,-0.2030453860429927,0.4361787605597094
93,0.6901439917111125,-0.40122047188583626,-18.789478562430233
94,0.17770100093325383,-1.3353443587101013,-31.51084934059736
95,1.1894704889246406,-1.2276078151369925,41.085455311412446
96,0.6324077390555208,0.9725544496267297,49.969514420548535
97,1.1677820616598074,0.2544208433012131,62.54684355803956
98,-1.0121043752601677,-1.6548566718657698,-74.13019364194909
99,-1.1509935774223028,0.37569801834567196,-48.25424144303052
100,-0.6117690909052854,-0.03703679704841202,-22.324853193715445
101,-1.713134529090878,1.3538723741654133,-24.718965717628627
102,0.2010990467149675,1.050654396007612,16.835969208103492
103,-1.1939250063990554,0.14294309476370676,-29.01806533760589
104,-1.280429352496283,1.7547941819843647,-35.318730157040065
105,0.09612077694098344,-0.46227528870504275,-4.571434979004435
106,-0.06267909727317188,0.9551423205012383,-8.255298467215033
107,0.738810480887503,0.6153674840130534,47.76667548005918
108,0.538296079049633,1.0725073373098022,38.99126937751472
109,0.8339221545489041,0.4591800792284367,7.987648206495027
110,1.196631486645651,-0.6097829043193822,51.537233572990935
111,-2.123895724309807,-0.525755021680761,-117.19915395483558
112,0.03800347816820029,0.1200313267182613,8.897061657210878
113,-0.7019916878067556,-0.6629009175509484,-36.644842919751305
114,-0.9824873935383096,-0.2246331499970246,-86.41828594105262
115,-0.2525681513931603,-1.2477831819648495,-25.599624892913862
116,1.158595579007404,-0.8206823183517105,-4.1737524064318166
117,-1.6275424378831627,0.048084946661381994,-42.09075054593746
118,-1.4789115687741285,0.1833599197791556,-65.03800366626932
119,0.6453759495851475,1.3686315575323487,25.907146324795356
120,0.7942646796218271,-1.2542894231692494,-1.8668477022801113
121,0.15985639199740037,-1.0276751409259581,1.5592395520703024
122,-0.02435459226098284,2.1422703586118637,8.050486121803408
123,0.47323762457354485,-0.07282891265687277,17.269782538181225
124,0.3319803305690149,0.1904996797790666,4.148334208617936
125,-0.4827435221820324,-0.9533286082587124,-27.854994272707238
126,-0.4606387709597875,1.0571222262189157,-8.097865045994839
127,-1.1913034972026486,0.6565536086338297,-32.14070330677969
128,0.22409248181041677,0.01259240078179486,39.87474661815102
129,-1.5811907020321334,0.8950383140761154,-66.78705367077299
130,-0.7271371758248686,-0.24751863555150475,-68.15985017649652
131,0.9503075919735757,1.7106133725819253,59.14710501764347
132,0.23561455810856594,0.7708651938869668,49.45848395995961
133,-1.9187712152990415,-0.026513875449216878,-60.80165535391177
134,1.179440120721287,-0.4691756521047048,54.676197198513655
135,-0.24869112618354708,1.6073455760199926,39.568834644536146
136,-0.03471176970524331,-1.168678037619532,7.89039506241668
137,0.541462728204788,0.7591551603026468,28.961354396993464
138,0.2799686263198203,-1.1254890472983765,14.658481762878207
139,0.7326400772155792,-0.08071658010858232,71.06229953294473
140,0.12267031599479553,1.6246784584695606,-19.806461320713424
141,-1.0962750868952018,-1.4400508825942944,-76.37516412106973
142,-0.5462444482524828,0.3918040054025465,-6.0688183114650265
143,-1.4785219903674274,-0.7198442083947086,-125.33351317590737
144,2.061503576636398,1.2083662305931424,127.01106896132507
145,0.8604734883597454,-0.5830774385689385,19.33442988597799
146,0.24380071377119883,-0.5640786307367284,53.47926090558146
147,0.19652116970147013,0.7090037575885123,-2.652504658737909
148,0.25972250172148187,-0.9043166251044086,-30.967660045511735
149,1.5307508323436974,1.2187618516973167,45.712421400248516
150,1.0302834540318422,0.23878915902651351,52.1789480016987
151,1.6122206282554243,0.8968393158655319,62.554313152494146
152,1.3173940656343257,0.19759960469239965,79.8299108110603
153,-2.4994057148735727,2.2909425725907413,-87.69236539352598
154,0.6385924587773739,-1.6615200622689599,21.422881871249572
155,1.5795721457307124,-0.5228600271532683,66.28392238346443
156,-0.5816809139486437,-1.0147567306928669,-2.1698179261615103
157,-1.1790397911598025,1.1876793884615637,-35.82411058450293
158,0.9495541354413237,-1.4848979684499035,8.684083003745684
159,0.6215718898560508,-0.36961033604363397,41.09205735785599
160,0.8231705839619146,0.07331796718840389,42.78580400990589
161,-1.6064463202575725,0.2034636358672231,-95.3412440859252
162,1.613711269058647,0.45353430151397983,85.8580281095451
163,-1.2295495944524168,0.4966992232365217,-58.184085357567696
164,-1.1227220215622986,0.3824097461840506,-44.05200026817086
165,-0.213442870930208,1.490726136849952,12.1968609671863
166,0.5136001065697166,-0.5327008396619114,13.275455062461884
167,-0.6690727386599166,1.0399046873960764,-40.707653298508504
168,0.3109075655980046,1.475356216949552,26.090863718452066
169,-0.02730453950993186,-0.933267959073196,-0.9489536300027712
170,-1.4075116947178212,-0.7778166875908753,-75.64149306520764
171,1.3043402428781525,-1.6624919880356743,59.64738983947167
172,0.82206015999449,1.8967929826539474,21.57305495538678
173,-0.3216350512173826,2.076747983560841,-5.555046345860193
174,0.055724912288694604,1.0941915184709485,26.27014850864481
175,-0.1044492185374715,-0.16882172319001063,-47.10712540063788
176,-1.0623037137261049,0.4735924306351816,-11.66593455279358
177,0.028181157369128247,-0.009118996644203544,18.17758339021665
178,-0.9857260463355437,0.5040465155178444,-74.13314283067075
179,-0.5522230442809716,0.6329318177555111,-38.69667218684744
180,-2.6197451040897444,0.8219025043752238,-136.60767564955685
181,0.5935567222808619,-2.9403886346642802,6.622067267408025
182,0.3801978510059632,0.6105857452838231,6.508089529520493
183,1.187386051564751,2.5895636420186134,90.3707602197096
184,-0.5449190868089495,0.39913611435207075,-55.074023016887665
185,0.056649924897107164,0.5296927543567308,17.74731318420718
186,-1.0708924980611123,0.4824724152431853,-63.188597974061764
187,-0.9080240755212111,-1.4123037013352917,-61.54333963440557
188,-1.225765663002341,-1.46437488020982,-56.0638029379463
189,-1.448013900416244,-2.198805956620082,-59.79728951324758
190,1.1070806692869728,-0.12038116395359824,39.66484575462215
191,-0.18687164416135904,-0.4397310582741749,6.084324598386868
192,0.8254163489880298,0.8135096360006385,64.60607551831511
193,0.5112025995249807,1.3736585451629577,26.132307831135204
194,1.0240625258114624,0.5925269492011831,77.06190561368611
195,0.47897982574639203,0.33366210528694845,34.711079729434275
196,-1.236950710878082,-1.3204566130842763,-65.39483675560795
197,-0.22647889190152676,0.3673655068161781,2.7937016921556452
198,-0.16128571166600914,0.4040508568145384,-30.816331043406148
199,-0.13125696709230472,0.07685188295876821,-19.45538373733285
200,0.19438430157733602,-0.35316629281068834,24.611251402388334
201,-0.5589218472715883,0.37721187506452086,-2.518284640414084
202,-2.151815401329305,-0.7191533192424201,-103.05562292010008
203,0.5609194479412387,-0.29548031802916036,36.43308079469313
204,-0.9037018607301281,0.324359281721603,-58.00478963598426
205,-0.637739984251316,-0.5309969550018176,-18.02676238593703
206,-0.6134026635409398,-0.30246968648812833,-40.90405453226047
207,0.8576596232020194,-0.1599385299634271,74.33225244776054
208,-2.025142586657607,0.18645431476942764,-32.96177838531818
209,-0.018513135992389903,-0.2886586389201379,-6.459893656171861
210,-0.9057323008626189,-0.6537663386488198,-30.318863547618385
211,0.1684609762696143,1.3175975356079597,-18.521835279649764
212,-0.36244094140313216,-1.1196698946261439,-30.49346571238258
213,0.6454841811410754,2.16325472330546,28.956625761750004
214,1.091310120594269,0.609138120907177,67.27506603168572
215,0.257550390722764,-0.0744459157661671,0.46920973345440586
216,-0.2453881160028705,-0.7537361643574896,-25.12811406406444
217,-0.6056155397368641,1.8260097135469362,-17.483149428723657
218,0.32316771418478146,-0.14760258629866868,1.8534521026734652
219,0.4129314542756245,-0.5637245528039749,11.570550000256683
220,1.6324113039316352,-1.4301413779606327,45.5441470715524
221,2.1221561970126332,1.0324652605511468,107.51726927594507
222,-0.8756182533847574,-1.3827997309643363,-14.55172816184372
223,-0.221253623585772,-0.27681329988892067,1.6755414680266743
224,0.9980101098596522,-2.8962553781936893,58.93080609062994
225,-1.183258512665775,-2.0392321777601006,-62.95481399642499
226,-0.5227230205190395,1.0490092258368893,-0.6845133529385521
227,0.3885786045309641,2.4929995174327906,4.164197719164402
228,0.1764415552772252,-0.3670278390833223,-12.208267518640618
229,-0.898414671348358,0.4919191715065057,-32.9449379307693
230,1.8820244964750337,1.3454200461549777,95.45439705765037
231,2.1573082132655035,-0.6057149230033384,81.13716681231845
232,-0.9194242342338034,1.5499344050175399,-8.6749563064818
233,0.7094518171390395,-0.43548637056984335,35.68513812703642
234,2.0752608726252655,-0.6891878180895679,52.914411417720835
235,0.8356921120651418,-1.129706854657618,13.050229250038614
236,0.40373009033660945,-0.024195606390916165,45.815087664822144
237,-1.4785862457798415,1.143754043206929,-33.0671419105654
238,0.5009171876243808,-0.977555244798551,22.67460785955187
239,0.024510174258942696,0.4979982912454495,-1.0479425269248717
240,-0.1973384203073261,-0.1512732836535117,-28.233253639335658
241,-0.46531045678005334,-0.10594835430413566,-56.054520087740414
242,1.8466369960476658,-1.0700847663261526,74.19054946293997
243,0.43693816974634986,1.1906462747863413,14.8706368036672
244,-0.6763923020592697,1.8009404329108156,1.5433679315312219
245,1.7269638512334051,-0.39963618561460235,78.8306170900985
246,-0.23415337472333597,-0.23413695694918055,-48.950363572697775
247,-0.5286166817497568,0.5863640187550933,-17.575834954334386
248,-1.4026052717996935,1.7495767431869393,-57.646935260995114
249,0.24496657110872277,-0.5069431753711298,9.661583917275617
250,0.06699071722487192,0.5159392177040995,-0.9054840523390739
251,1.9647251329163893,0.03526355197172861,40.815932898559126
252,1.328194141849058,0.5562300094006599,58.221371884904954
253,0.6476885381006925,1.5230298564080254,30.262086430770342
254,-0.600638689918805,-0.2916937497932768,-31.66815355085202
255,-0.045586016355497805,0.24333944932269183,-4.866883871770084
256,-1.2096947428411076,0.5999287299962045,-28.323853517613614
257,0.517659020469123,-0.7257438131534656,38.63158735758833
258,-0.7168223206028049,-1.86653661707306,-64.11558764300447
259,-1.348185422105713,0.743264094022715,-27.72546118843468
260,0.05963036992017413,-0.6469367777055739,-14.087563222302059
261,-1.5708761520684993,-1.1267674689098053,-36.441898054170146
262,0.5470973811700377,-0.20219265243389398,13.434091251970852
263,-0.949398888831943,2.632382064837391,-16.068721727808366
264,-0.6881503451777238,2.2524358053443088,-5.704644004784198
265,-0.10703035995455783,-1.035242322419374,-24.88349035732376
266,0.812525822394198,1.356240028570823,63.2351709281308
267,-0.6462273098438029,1.7753108926095116,-10.295269933187756
268,0.8303358165442456,-0.8560838259088672,36.52047833270998
269,-0.5923939242388692,-0.863990769679816,-22.54729301964175
270,-0.32034730819432017,0.4241659464019164,0.7036619547346845
271,0.3577873603482833,0.5607845263682344,0.8742239051802869
272,0.9531366339132451,0.2871241652018242,42.659463799109815
273,0.8204821811973643,0.5072740311072979,32.06271398439164
274,0.7472936051232618,0.6103702654334648,39.065870316060185
275,-0.033126972873797095,1.7945578635177877,-21.63431408982932
276,-0.4830610516834395,0.14679301198554937,-41.29813727502072
277,0.8135172173696698,-1.2308643164339552,49.71651208822695
278,0.5655096456315442,-1.7607627591558177,1.6933804026344834
279,0.07863519031609059,-1.9982006845321076,-41.70846819431709
280,-1.1033666061738736,-2.152890592952483,-66.54012974676962
281,-0.23894804686640975,-0.9075636620415979,-67.80282076473496
282,-0.6540756831274238,-1.830632896856457,-32.867970151467105
283,0.04852162794482699,-0.8309501164110378,14.228005994613033
284,0.12637957954641182,1.9389289990582848,7.161380732334898
285,-0.734591576798049,-0.8102524370143808,-46.4026245474747
286,0.822544912103189,-1.2208436499710222,0.6423993289591934
287,-2.0674421000398766,-0.08912003951278841,-88.37967293793805
288,-0.5503051538454201,-0.6716233679380516,-49.454424003346546
289,-0.5574917850078337,-1.369802979579078,-30.097989321305974
290,-1.5506634310661327,0.06856297480602733,-65.36151463933565
291,-0.45006547147924364,0.6228499323474987,-33.339762237716855
292,1.3842728185105182,0.5639091200523596,47.56345427605287
293,1.305478807154329,0.02100384163275905,64.43935662660608
294,0.04886007032570433,0.04059169120388238,-10.229837504415897
295,-0.24574306408594407,-0.2727235697476702,-11.916524014522613
296,0.6818914896263114,1.8467073257360336,29.890835894062125
297,1.642015160136369,1.0098170893426341,108.68569924508589
298,2.1709427174978138,-0.1758858124323366,77.22486375179199
299,0.793488720552213,-1.7485319732381808,39.86741958046669
300,-0.47917423784528995,-0.18565897666381712,-11.205870789021596
301,0.13354090478228192,-0.15246983638054348,-12.522592695881023
302,-0.25737653742334515,-1.66858407387759,-65.87827077347848
303,0.7109599682034917,0.4442633114860399,22.29946773109316
304,-0.4461834332147797,-1.889540730945531,-69.03070913879718
305,0.6387302220291846,-1.1430049127304835,23.565839318272772
306,-0.17294605992342302,1.7117084801423437,-26.453227791723045
307,-1.1063349740060282,-1.1962066240806708,-42.82635280462509
308,0.7660802783846903,1.2269332238843076,34.162997290158586
309,0.3506300992735592,0.4891871301476635,-4.593760369901574
310,1.5007597906343109,0.8502217421134929,41.53910719325357
311,1.2276689924732922,-1.2096410186912054,32.40452047449003
312,0.6327818661062848,2.270692857804396,24.58445411987352
313,-1.0727430257398065,0.23924686411114954,-63.22395272839674
314,0.650201177958661,-0.09917586377938291,-1.8054385157208017
315,-0.6459641791245353,-0.7991920066502536,-51.65416682298197
316,-0.006070911539893324,0.8384907744516419,5.6000804641705715
317,-0.01901620790268883,-1.0025293646378088,-7.2558459829504285
318,0.45588777208160763,2.165002344901084,25.822349053487915
319,0.33088023221445706,0.8335289616089246,32.9305261007888
320,1.1241127199860135,0.9475264621228578,82.34584679491647
321,-0.4523063192490767,-2.4238793266289567,-34.69042834232055
322,-3.2412673400690726,-1.0243876413342898,-126.87978089284725
323,-1.9937356425714554,0.37405656984757213,-87.55801060423173
324,-0.8181988834223072,-0.0033744574109520514,-36.3484364557658
325,-0.275051697151644,-2.301921164735585,-45.47126719420994
326,0.4967141530112327,-0.13826430117118466,3.460476576095113
327,0.8004095252276825,0.7542913298135745,12.729044969915698
328,2.4457519796168263,0.1292211819752275,118.17424569504294
329,-0.034684887386781105,0.23421473253652023,-26.395439040188275
330,-0.18714426500454878,0.985729995679863,32.97013419442891
331,0.1920491164900316,-0.3091164642025014,1.417053285227099
332,0.19808476076785533,-0.14436041192394275,5.679253284275755
333,-0.8254971967925115,-0.32138584165299344,-15.981299156782082
334,1.1792971840638264,0.06751848141010895,60.54594859455038
335,-0.10730214400422883,0.44771692581027733,-20.391297879449706
336,-0.4344962274323156,-0.30917212346863937,13.739578068873481
337,-1.0810633275998973,0.6159356069442637,-26.07543000240477
338,-0.07710170941410412,0.3411519748166435,-9.95188993439807
339,-1.2899608997410539,-1.295078772063616,-45.48521001937481
340,-0.6465728842425267,-1.0815480036143952,-31.374564451193894
341,0.9183166060023132,-1.5705006036231774,28.178869626972176
342,0.032004149065766624,-0.7534178703461835,17.96494461041589
343,0.40981865692851255,-0.24125765461854246,39.45062848824483
344,-1.19363683175648,0.9191541736100015,-10.964046461413243
345,0.02421945667275807,1.4122205554154292,9.330092003437356
346,-1.68343819222095,-0.8058700664961886,-83.18330454274034
347,-0.4831864622993739,1.5739867632900326,-26.309101018821487
348,1.8657745111447566,0.4738329209117875,79.09521397614479
349,0.99626681944714,-0.4937565831613125,38.398071419975395
350,-0.3917581490438219,-0.9224101844985025,22.33806095339245
351,1.6449677135012837,-0.24903603955637832,79.05018918034395
352,-0.24415663529064877,0.9640871682883576,-8.268262086506375
353,-2.4716445001272893,-0.7968952554704768,-127.62746341957522
354,1.6654744444625766,1.0143700650181304,63.53264044078681
355,0.0184183791895517,1.6764373122752827,6.785183017252068
356,0.36163602504763415,-0.6451197546051243,18.312331148096813
357,0.14088624691120394,-1.7684393655628516,3.156948088206194
358,0.4365598041576678,0.9039348410861953,16.546899264654105
359,-0.07160125941406395,-0.03722223650984159,-14.456117220178717
360,-1.5566291735239037,0.6060099513456396,-35.132241819080264
361,1.1965715016644913,-0.15852957302697002,54.36791164401053
362,-0.8583577801812133,0.7003098794089911,-49.46458592925907
363,-0.612788690484386,-0.38770155993598404,-23.00007874951038
364,1.188913371474643,0.7083038472010638,59.760465854221025
365,-0.5305011476105275,-0.57581824064468,-25.112551843161476
366,1.030999522495951,0.9312801191161986,38.28730142808815
367,-0.48760622407249354,-0.4325581878196209,-57.22221022756348
368,1.0584244868495878,-1.7587394864231143,22.74534102557323
369,-0.3791277409874871,-0.20358036010236177,-15.101834581804514
370,-1.0041407667520679,-0.7677975651041284,-38.133523555850175
371,-0.2685306479058323,-0.8911922254152874,8.328181418228294
372,-0.18289644110484016,1.3748764191481848,8.6257055041883
373,0.24196227156603412,-1.913280244657798,10.40582138181263
374,-1.7787202489042786,1.496044311489183,-50.40302920125508
375,1.100959634998571,1.9583474542205939,64.79790155702169
376,-0.30777823495300055,0.21915032766393877,-6.2951537581543695
377,0.5866938014752747,-0.47490365662252443,4.004605114514337
378,-2.553921134901955,0.9343199112392737,-137.05686933501602
379,-1.169916835710288,-2.8722622132816493,-81.51939858916538
380,2.1439440893253257,0.6339190223180112,87.64528944275867
381,0.22391413406466143,1.3641404299738442,30.514588334587224
382,-0.955122579349353,0.42359906559346105,-41.66515704959037
383,0.6969544045107356,-0.33381948975600995,35.50334846044551
384,-0.9758732529773327,1.0536417966078395,-41.0426635302135
385,-1.7730324682068814,1.2619215007139917,-80.77769771512463
386,-1.0448091940210336,-1.9663565893760018,-48.161763617464224
387,0.10939479460489293,0.7257666238986923,2.8309547374520774
388,-0.04015795064434341,-1.4307751021180481,-18.821993374575236
389,0.04557183990381377,-0.6516003476058169,-53.69261774000125
390,-1.4153707420504142,-0.42064532276535904,-73.55966436163928
391,0.06980208499001886,-0.3853135968617599,1.3159931651178212
392,-0.16814381858478955,-0.4720905776971272,-22.13330097540342
393,-0.03763470242484838,1.103301882016522,13.923801599421221
394,-0.6267172245899651,0.8623934723827588,-24.065598425806098
395,-0.46770120131189136,0.3465038817307158,2.763181707005259
396,-2.6968866429415717,-0.05429486651781221,-96.77557173356968
397,-1.0909664302151982,-0.4108142879545848,-59.20534254711407
398,0.11422764866203965,0.1503017614618776,-14.945008878043335
399,-0.9896281365703375,0.9407711879882159,-17.109770028729827
400,0.9192289345752035,-0.668144085538994,26.587142408436684
401,0.3074066978091007,0.8157372125392965,35.6040244335678
402,1.0857863249393471,0.09798315347089544,43.477170215856496
403,1.732514999485092,2.2313001461926323,80.52948162343489
404,2.5733598032498604,0.05921843401448826,122.13608965062207
405,-0.6997255079925854,0.21397991073422196,-9.221854669393707
406,1.6839276914578687,-0.45888426286894,72.87433448353084
407,0.21319662823768915,-0.7519693317388191,9.462213330954807
408,-1.7033824393551547,-0.05554769889661878,-82.6633100597671
409,0.25602973431387566,0.9826909839455139,13.791900934921966
410,0.6725737012027311,1.899881934895215,29.65807556794872
411,0.9694572005267368,0.42719436187168486,39.96255418843477
412,1.0325462043416573,1.1267051368275833,78.92640257337197
413,0.5500520990245519,-0.9683444548636353,3.8669453377392315
414,0.173180925851182,0.3853173797288368,25.951575049223287
415,-0.026521259249060073,-0.8818746512277181,-45.05708965943252
416,1.465648768921554,-0.22577630048653566,42.79431962438159
417,-0.5172884501003722,1.40934744018558,-34.206964116838414
418,1.477894044741516,-0.5182702182736474,59.79202939303638
419,1.277664895788425,-0.5915713888358299,35.782385322071164
420,-0.06607979864731657,-1.2110161997624564,-20.767647162859916
421,-1.5341141707356223,1.277676821898509,-60.28201921955639
422,-0.6518361078021592,0.047398671316414016,-27.85424650469293
423,-0.1730718242838696,0.015579047581467534,45.47283259579274
424,-1.0212328171307132,0.7083564472993533,-15.439639852679079
425,0.7250957868479971,0.5161782871149584,34.47601520482803
426,0.12810441491078928,-0.6810516574748808,-0.1886218751993598
427,1.1631637521549596,0.010233061019587049,22.638557905019766
428,2.2988981236192503,-0.36283856043965906,72.84448629385818
429,-0.6800247215784908,0.23225369716100355,-28.9400701706059
430,-0.26987493529337125,-0.9787637157823074,3.5913645805379595
431,0.9648516330974576,1.6155828235482317,62.75376902956691
432,1.3103087461196088,1.3956838107899563,54.70698429104861
433,-0.7153037092599682,0.6795977489346758,-29.206462331813107
434,3.0788808084552377,1.1195749114345768,144.4217917868104
435,-0.3609661658190799,1.159329803364248,-24.297964164115793
436,-1.5929937335316693,0.440474737960399,-71.78229067579649
437,-0.11453984525261789,1.2378163119734618,-0.3102610783628834
438,2.060747924881987,1.7553408424432044,113.12802405589865
439,1.633431532301096,-1.146345393018688,41.0241231145541
440,-0.5245202662797737,0.48937456122791806,-28.643903410106006
441,-0.5397596803093615,-0.7783047254023127,-37.827573465019505
442,-0.3486521344078592,-0.3492577043184288,-20.839640307665213
443,0.34272534637770413,0.4567532191537839,4.850375715330795
444,-0.3427145165267695,-0.8022772692216189,-25.322470684951064
445,-0.8895144296255233,-0.8158102849654383,-44.553466999350086
446,0.08182935854756501,-0.09888965319114267,20.724100702880094
447,-0.5551995266931983,1.88115706944059,-9.426287802967078
448,0.2715788371953735,-1.2767485758203097,6.7736998315043655
449,0.18102155870370695,-1.2968319479558466,28.44240569517833
450,-0.21113023882769438,-0.9871795271511837,-7.942533336116085
451,0.28328787154614216,-0.25890497370407733,-1.9535311512057003
452,1.083051243175277,1.053802052034903,73.5565455244678
453,0.37114587337130883,-0.6039851867158206,24.710158201483296
454,-0.7563507452843033,-1.4222537095976742,-7.83555271649427
455,0.09933230542922587,0.751387123371789,17.089672401514242
456,0.07580455819372633,-0.6771617115121117,-6.064278331008271
457,-0.6389617476895023,-1.3230897934074985,-29.133514393579446
458,0.08658978747289992,-0.15567723539207948,-20.478377270391956
459,0.9638791167949097,2.2105230015913513,39.14829622276514
460,-0.5711789897827968,0.5725827813561586,-0.10976409315188462
461,-1.0676204293825944,-0.1423794850212935,-34.9552396763691
462,-0.8874921778021001,-0.43745830032341043,-29.752267283005228
463,0.6347214685617699,1.1096998419562232,37.5758627651599
464,-1.0651136630753726,-0.30522470435466764,-68.88814401815247
465,2.1531824575115563,-0.7673475628880495,94.36327116509301
466,-0.926930471578083,-0.05952535606180008,-24.671642223038354
467,0.09699596499271819,0.5951570254369136,17.841825895495525
468,-0.026405756958926992,0.28016115881960635,7.255484506389044
469,0.6862601903745136,-1.6127158711896519,-2.7511637725964277
470,-0.8392175232226385,-0.3092123758512146,-20.06374409005837
471,1.1260502507721681,-0.05139372358848624,70.7771208017961
472,1.7275431701007113,0.4363236696740321,70.70048402219585
473,1.1055259329579838,1.1870303055603801,34.333754145172534
474,-0.12094814860778157,0.41953244390702776,6.142759516050104
475,0.32135721545027307,0.42192075423528475,28.89047793284843
476,-2.5302875227463297,-0.2860042218801108,-110.07464440473635
477,1.3993554365860021,0.9246336829127688,56.4459927486612
478,-0.7728776678236091,0.4070522871245351,-16.73503917627564
479,-1.3793192280145272,-0.7309300399419191,-69.71312337620952
480,-0.19236096478112252,0.30154734233361247,-1.9688321675006546
481,1.1492733262856758,-0.7031764251258874,42.80194617665585
482,0.883109777147159,-0.07783719701280203,53.74597547557993
483,0.3686733088729012,-0.3933388123273607,11.068940470366702
484,0.09707754934804039,0.9686449905328892,10.16009409125771
485,-1.3281860488984305,0.19686123586912352,-47.22429921840646
486,0.655900776529761,0.19473619471877485,5.3835223274869115
487,-0.7355299425897666,1.2360931752104374,-17.97175764830321
488,1.502357052096028,0.07409478041977519,56.710514964985705
489,1.66125921454787,-0.45709625658627184,33.641289393508416
490,-0.4455025214007718,1.453384477117701,11.810300879500348
491,-1.024186824329205,1.8540925663341883,-45.54278928680867
492,-0.24032539815813486,-0.37482080754959723,9.685065017199388
493,1.5421099525678756,2.006092888159123,71.93306033166024
494,0.169360824036078,-1.4137144969049802,31.562029178452924
495,0.5219415656168976,0.29698467323318606,35.524394025342005
496,0.7276295436369798,0.05194588580729943,50.392830780587985
497,-1.2221278088919454,0.7129984301723881,-88.11398302671284
498,1.4205042479898549,-0.5707462937494763,47.38061770971781
499,0.08243975293450329,-1.4575514994649306,3.9002739010412224
500,1.6725723868377034,0.4190190093660452,76.7889560742172
501,-0.16306696394376388,-0.7449026448064491,-28.763352882274884
502,-2.1218548990085946,-0.6078219870944325,-95.87417493683783
503,0.01300189187790702,1.4535340771573169,16.658966536055413
504,1.6286155455712918,-1.3801014582148914,50.02516443342176
505,-0.23093453020867796,0.6962063648134184,-26.6398647408216
506,-0.42930222451725997,-0.692420979873856,-64.65916183193903
507,1.2065089665083568,-0.8169356709872361,27.088739149324645
508,-0.07049877805909122,0.4865016438262019,-18.62562131851847
509,-0.846793718068405,-1.5148472246858646,-31.063392332601385
510,0.26705026586925884,0.889630795623437,33.11978150705337
511,0.5228354880354996,-0.573700003938579,28.475663914464764
512,1.8489560949453452,1.1265650295477574,74.96664658800441
513,-0.7424705856980482,-1.3200225112207058,-31.280127670168426
514,-0.4473218956587511,1.2810163617351127,6.528239635223295
515,0.42881650033057295,0.6931056072631441,21.40379389619304
516,0.0754336389015928,-1.6019658118971685,1.6501327544580544
517,-0.48536354782910346,0.08187413938632256,-22.47487319407162
518,-1.6151318159055095,1.1647393544571714,-46.16404866295551
519,-0.24123605785632987,0.3520553965142968,21.568248995244936
520,-0.4888494217862741,-1.1196174332890112,-27.96420570233507
521,0.9751976297824295,0.501094169939845,24.814974792530457
522,0.5387559924463692,-0.9206735930793662,22.081927488560638
523,-0.8084936028931876,-0.5017570435845365,-52.674788287409875
524,-1.1701130260593595,-1.8019804375800197,-90.82696080200223
525,-0.6248185776956788,0.026091050210833786,-15.228888411477465
526,-0.7728252145375718,-0.23681860674000887,-43.90773195414065
527,-0.877982586756561,-0.82688035403986,-42.4367491672725
528,0.4810092317367132,0.22388402427913137,56.96428002999687
529,-0.33477533210654087,-0.4036484632419967,-54.84684981149341
530,0.3514482075415829,1.0701502383164274,18.266548655470874
531,0.2671266510114834,0.5087250232299338,29.244568604317358
532,1.586016816145352,-1.237815498826849,61.27603691449047
533,-0.22485598180807856,-0.6500025808234597,1.7137471621029707
534,0.42961821913258585,0.20768768716311115,-1.2181677701343858
535,1.2657078408647005,-0.8661748482145006,50.854988790970566
536,0.5150352672086598,0.5137859509122088,57.21237206015503
537,-0.30803428418574125,0.7796605322693398,-40.183431825287286
538,-0.643518230380143,0.9278401280812372,11.194880654972913
539,-1.2002964070557762,-0.3345012358409484,-50.62356520667522
540,0.5697672802322037,0.4477085600173148,60.53847105824443
541,-0.6492775450660071,-1.2239402667622565,-26.31646488939714
542,-0.4593608995402441,-0.8498443694647918,-13.86040763721002
543,-1.5256563145700948,1.262584103427182,-48.94972189724442
544,-0.38817681854122876,0.1704162223754877,-3.0374840061355393
545,1.4711703274936085,-0.20932367715186612,70.75993224307862
546,0.12522450264790727,-0.429405541125253,-10.443776298226751
547,-0.016422896072752075,1.188393273448084,34.805060293426365
548,0.2110174672026184,-0.09671311187039239,10.820025624460811
549,0.7116148780888896,-1.124642091837869,28.658825518968833
550,-2.135674213978696,3.1377485336599946,-60.95205232440994
551,0.9843223984765838,-0.21398884422550896,62.05166640419975
552,0.36139560550841393,1.5380365664659692,14.68593250368719
553,-0.4263575962055433,1.1484457091967548,-22.48757901165544
554,-0.2918112689155441,-1.563190808696657,-38.85954542191777
555,-0.03275327021599839,-0.543424771133765,-12.061129345082623
556,-0.9273531341905741,0.23836898273478513,-36.80085658159609
557,-1.5047203740310022,0.7600559636896026,-51.93309517952932
558,0.39445214237829684,-0.42098448082026296,-0.2718023619826493
559,0.46642998243352635,-0.03564148229748357,22.381930790285132
560,0.9356783931474612,1.2715550949941588,54.905048809914405
561,-0.21768120322722037,1.0987768519871903,-7.963236100114301
562,0.6523228784134196,-1.5763921569842494,25.80450536626239
563,0.4940301862827388,0.2606737658239071,62.963864227904
564,0.6779258713392691,-0.48791140814570266,23.591960783689192
565,-0.9393353938187543,-0.14408755572161547,-66.53482926767731
566,0.29307247329868125,-0.7143514180263678,-1.788037307157306
567,-0.0882820483512548,2.579709337654318,22.580209747163735
568,1.0318445394686349,-1.485560373036972,9.235634135091267
569,0.6585442726728304,2.0102045387663496,37.44964159412653
570,1.2171585208254965,1.5213160519224513,65.50598653474776
571,0.5462842480036996,0.0064222698109378164,-37.540739888147826
572,0.08704706823817134,-0.29900735046586785,-12.324262847972928
573,1.0495527153193351,-0.535235211560568,98.17678132541866
574,1.0786808334312956,-0.03850846950070721,37.389009168102014
575,-0.22346598237185214,-0.3493167961181975,-29.136898324643635
576,0.2598827942484235,0.78182287177731,3.38775987750598
577,1.3171150673398653,-0.11806852699107874,84.09901594762877
578,-1.0065425652796411,1.1398785611290454,-51.94200013734773
579,-0.2595913513636048,-1.5031429531181062,12.999493095266452
580,1.2897527540827458,0.6731813512699585,90.65061673718847
581,0.3241663524884421,-0.13014305436768459,17.268045860588543
582,-0.8182206832334725,2.0923872756854602,3.30450159721239
583,1.246085192497629,-2.0733902324081495,38.03799392221724
584,1.1081828167375165,-1.0399059271255309,20.884584128601617
585,0.7533416211045325,0.38115838488277776,57.802537068988045
586,1.0760071385985983,0.02131164867194222,35.460900039658576
587,0.4400144500533324,-0.5020542243526112,10.412945291041794
588,0.09767609854883172,-0.7730097838554665,-29.605311228950647
589,-0.5956612940434921,1.3744380931708173,-11.180904707171502
590,1.4926885689595217,-0.2711236010425688,45.98333306498537
591,-0.007972641316617375,1.4799441388900263,-17.161755721886934
592,-0.049463709652432936,0.6748194921666035,-2.147041648862247
593,0.41343490322370086,1.876795812558066,69.13325289602034
594,0.6127739050625697,-1.0534155631736561,28.68542532023126
595,0.18676676447707832,-0.7553829323533225,31.587109811936006
596,0.3078017688920592,-1.7101683926566253,-29.205168881610547
597,-1.1958830620351844,0.4446026682201407,-52.45311581906923
598,0.5839281853259639,-0.35929209078705954,26.67015815820886
599,-1.4218106667418438,1.5013336519554867,-27.07078535536077
600,-1.234348871879922,-0.5924642591528942,-57.97205301921227
601,0.1053755061459599,-1.3340254949182044,-0.29030241958470615
602,0.08840688629184734,1.4775300810552616,17.252754426140424
603,-1.092312764672579,-0.3164084496948019,-67.20784678074787
604,-0.1087601484568576,0.40171172209894146,25.680966090531186
605,-0.015309849172995557,0.5792914996010884,-3.3883354614844707
606,-0.6734906242438685,0.27899416222380197,-12.546164406261703
607,0.3996879517526416,-0.651356893791829,51.223702985111956
608,0.37710039390218647,-0.029262813684978354,17.27391418932561
609,-0.003602539090568403,-1.1583646891925423,-32.92314684881095
610,-0.5642475986573886,0.18455130319703697,-14.026199256474879
611,0.8712972974572442,-1.3459796802467485,14.428782270828263
612,0.07156623721939247,-0.4776574467651167,27.79247045502135
613,0.2337859117907477,-1.5558956462036273,27.314532667682123
614,0.7716987106483447,-2.8485426206300755,23.72342276086443
615,-0.31526924464034556,0.7589692204932672,4.238877085365017
616,0.7077519354554754,-0.5624667758942676,6.615543255064072
617,-0.7859894605079495,-1.331232953557778,-62.57824970043175
618,2.403415585238275,-0.05761879703358539,77.1863482545927
619,-0.3357846992901282,1.669021525289393,6.502629395132953
620,0.5931012579683838,-0.3095464393139903,14.261973063039273
621,-1.072139011985607,-2.9213504834946074,-98.64859375054002
622,-1.8362053731032966,0.5079913269125437,-87.09510760691454
623,0.6543656563540577,-0.05558467091045507,22.608804575522406
624,0.08228398927542419,1.0654803750653512,41.141692316022926
625,1.9011906857530074,-0.060660813814620775,65.60162687221762
626,1.6153756894694418,-0.3223204692113399,60.454455954293415
627,0.7216720640432349,-1.129051771217229,31.76726184469333
628,1.2669111491866227,-0.7076694656187807,55.67497466131219
629,0.27669079933001905,0.8271832490360238,45.77383641270433
630,0.9540017634932023,0.651391251305798,36.56548483785907
631,-0.08836295920533539,-0.37001102988212803,-38.64921532465527
632,0.513907849658915,0.17958178193959795,38.77361682010629
633,0.8696059201056602,1.355637858804951,49.35476980777408
634,-0.6017066122293969,1.8522781845089378,-52.34625450059313
635,-0.15178509503558324,0.5883172064845762,27.50147176839496
636,-1.8751724696457446,0.11502607914741717,-41.08626971137059
637,0.1895816165987434,1.0010460925671412,-4.404247207408909
638,0.44381942814622843,0.7746340534293368,23.573857386974687
639,-0.9815086510479509,0.46210347426327075,-66.25802158122674
640,0.22468472575188592,0.9325908318730899,-35.28812302192949
641,0.14866745720211172,-0.3370859711180397,16.339868086262264
642,0.5193465142411723,1.5327389130025777,27.652685645485832
643,2.6443433470170348,-1.5029703283951532,103.13299706003289
644,-1.1105758454658288,1.7522704434236227,-19.668985045286682
645,-0.25879606266710237,1.598647170504717,24.136779739767782
646,0.8723206367206782,0.18334200573835174,4.7604898653585686
647,0.1605739810498646,0.0030460201534144695,11.766022965242154
648,-1.9792998103757877,0.7479102561175338,-86.22118989047038
649,-0.12853751143893075,-1.881849045497639,-21.548847641494618
650,-0.019419605887732585,-0.30317978283427505,7.904476948466108
651,-0.08215117839256883,1.1172958315881278,17.889197049506432
652,-0.6022120603617805,0.46877425607502377,-31.245147145094595
653,-0.5893647569442118,0.849602097021025,-20.45030670381661
654,0.9817654869915943,-0.32483138350862245,45.607287069018255
655,-0.44004448669698376,0.13074057728609134,-15.014354185644056
656,-0.7184072655691974,0.8949243769444413,-5.398120163138653
657,2.013387247526623,0.13653533108273744,95.30896875764918
658,0.9190764829877686,-0.29027454418865134,17.344978677792344
659,-1.6929568141953855,-0.09833962679474989,-44.82174613690939
660,-0.44429326007611136,0.37730049304485197,-35.55812479747207
661,0.9531250453760867,0.513085420097293,23.15083875275687
662,0.10420110395187607,-0.06259312789952241,-12.171852990356415
663,1.2130976999791834,0.14171691363990474,58.280006697566726
664,0.39922312260527926,0.647195939702741,15.928770081454156
665,-0.31905393566661816,-0.796025856803489,-19.15369193903998
666,0.48473281729447476,-0.8463566549908735,21.52166339932281
667,0.840620026504553,0.5467335682013793,75.91389832167732
668,-1.0128311203344238,0.3142473325952739,-71.30986769042175
669,0.35701548596504734,-0.6929095952606542,-22.903329556255688
670,2.5269324258736217,-0.5308687729203206,73.52354841745999
671,-0.05489400061628639,0.28555407485765694,14.300009666596887
672,-0.1340171666729177,0.014688194729197093,25.724239138095506
673,1.8845863059346086,1.5432435282721888,103.31653817574494
674,-1.389572466763596,-1.6453987469568918,-42.96027066812131
675,0.9163276747024814,0.3464884758979927,1.9929715799384695
676,0.40825275571447184,-1.7025836042378404,-16.948982028642128
677,0.043602446372453724,1.695051040430753,40.730844949025595
678,0.3840654489393073,-0.03269474809409311,30.303575558623116
679,-0.6373871273065177,1.1890165311075518,4.387303226105484
680,0.25373966149457344,0.4676931717654332,-24.827957896728293
681,-0.07201012158033385,1.0035328978920242,58.88592701835937
682,-1.2803043986708944,0.8724573282801447,-62.082666302321826
683,-0.5297602037670388,0.5132674331133561,-18.174670038836226
684,-2.4242402602729416,0.8840453963610497,-113.69771247786444
685,-0.018708756445897416,-0.38851845308888583,44.90728364290834
686,0.36659824609684827,-0.9398797863273552,35.146401313667084
687,0.31917451041918043,1.3404504460231446,-19.8401648524869
688,-0.021367294348436157,-0.7472116791478234,-29.86622617424506
689,-0.6095122021592831,-0.186971302985446,-43.94922877243836
690,-1.8707919210258557,-0.35151348404130867,-62.81367792916655
691,-0.7904744554453119,0.4714683571359957,-24.467157568995002
692,-0.6769220003059587,0.6116762888408679,-19.327079941086364
693,0.6241198170521551,0.6283455092642799,13.338871440452007
694,-0.9905363251306883,-0.5662977296027719,-55.71867220657238
695,0.7384665799954104,0.1713682811899705,58.40782494182022
696,-0.9993022322949108,-0.5047749212282174,-50.01101764961369
697,1.073631749859772,-1.0265152994110602,46.57721279136497
698,-0.1769472274940494,-0.7982972445384537,4.047759305311743
699,-0.22648409884983187,-0.9594392367234795,-28.185112663675213
700,-0.5302576183724408,-0.7928728322623442,-6.6705991461006064
701,0.9504238381860503,-0.5769036556624031,43.401983278962284
702,0.18186625505849516,0.24822058630033608,-7.56649465099386
703,-0.5487249077409615,0.09284490114111471,-23.009842865436518
704,-0.4749453111609562,-0.6533292325737119,-12.705565593282799
705,0.3227185603380895,-0.827230943552323,0.5286349860957378
706,0.22745993460412942,1.307142754282428,19.661622306494866
707,0.02831837613045931,0.029756139495743236,4.885696724241916
708,-0.4646172972983931,0.2011596558728393,-39.53307046852848
709,-0.9716567345412859,-1.3796181647889303,-47.222876960838924
710,1.6699045043514062,0.3946715298229811,59.96869865493851
711,0.2935579321666293,-1.356581804623405,-6.126257986218068
712,-0.7050118557584089,-0.05576907765770601,-19.805925046026253
713,-0.2646568332379561,2.720169166589619,13.190930044122624
714,0.22445181855997198,1.0470983026121545,75.75463881074344
715,-1.0623935281468797,0.4283070972076486,-41.47157046983225
716,1.5655240292343404,-0.0657502610729878,48.03376058620743
717,-0.6506425691218272,-0.4871253837646962,-54.75145715325523
718,0.5868570938002703,2.1904556258099785,43.657743541125484
719,-0.013497224737933914,-1.0577109289559,5.176946470003634
720,-0.6237689606958051,1.9140313538667861,-65.47450280695043
721,-0.30920907704986345,-0.7521564055905832,60.97167924216009
722,0.06752820468792384,-1.4247481862134568,-25.453685560535767
723,0.7082144232565574,0.23321613126350177,43.74442088273835
724,0.9960476858058164,-0.7567950885694608,40.540326965588754
725,-0.7632591565425169,-1.804882100664519,-29.382452057929868
726,0.6380511014407572,0.5008444749444569,51.993943895645984
727,0.17989415115347845,1.3920022863445993,15.655725399247954
728,1.2012139221639448,-0.4080753730215514,36.92041383084874
729,-1.5255251709247388,-0.6919080698812444,-52.2411439234951
730,0.7081086766885905,0.9567023167945841,22.100963038769258
731,-0.7128457826771644,0.10643022769189683,-10.510206842800073
732,1.2004139079444254,-0.6568942789713957,66.35308876265046
733,0.6191542610051978,2.0574954697116987,42.46435759644218
734,1.0375399442578994,-0.5100163988547471,8.810708068510003
735,-0.773789199103573,-1.244654703311417,22.480964405668004
736,-1.801057734152739,-0.5426737997340217,-99.03028062852418
737,0.2029230208512997,-1.515744114997232,-2.2153184380764164
738,-0.09858813228426173,0.018849622944847662,-7.400439683085011
739,0.01843393306539316,0.34758170536167105,33.71939299512522
740,-0.6626237589458467,0.5705986685931593,-44.63040388650158
741,-0.025026958745143917,0.8177662992002871,22.18414888124274
742,0.12320480678448571,0.5514853760404677,-1.8688631251997165
743,-0.08973569428722672,1.4401172154494728,-5.138149769674113
744,1.1731246375866413,0.3696421921980939,80.6187921441201
745,-0.12791759148076653,-0.9555404406004258,28.013695978422405
746,-0.5736620068802363,-0.5468589412403921,-57.321434837991234
747,1.8861859012105302,0.17457781283183896,61.55508023511511
748,-0.7925207384327007,-0.11473644146689901,-33.40661459479014
749,-0.5767713305683327,0.755391225825756,-14.515446497502763
750,-0.9913923494563072,-2.153390113603715,-34.63754498121212
751,-0.1343087414705478,0.8108082731597821,-17.900479810572556
752,0.6628812686674127,1.173473857485325,13.554257501826651
753,0.69822331361359,0.3934853854217497,9.31950454824836
754,-0.4432822511915103,-0.8848027140269009,-14.501525226035355
755,-0.9649234605801045,0.6860514599984393,-29.436480643462538
756,0.5211224283793385,0.6452155859500572,31.24876350525564
757,-0.6013676439512138,0.319781934142537,1.630387671425698
758,-0.17262729994081963,0.8836599374866724,17.241286113577758
759,0.6078965097165392,0.1866091231563581,27.49877065403391
760,-0.883857436201133,0.1537251059455279,-27.439482223601193
761,-0.78489831308224,0.648280433843859,-10.594911085189231
762,-0.39210815313215763,-1.4635149481321186,-22.519803043048572
763,-0.7303666317171367,0.21645858958197486,-48.19184723734536
764,-0.6414815952229522,0.43192254467394064,-18.108967218678956
765,-0.2549772174208552,1.5039929885826884,11.051646619444645
766,-0.9354387020445952,1.085982116175032,-22.74161940134521
767,2.319329539981694,0.39331783939437187,133.20382253699256
768,-0.6115178029919482,-1.4066610968482223,-41.37600747327789
769,-1.243863235391285,-0.6929051977959073,-99.32365702428751
770,-0.9896048202585809,-0.12578692009964815,-32.68603968650363
771,0.9983108981479604,-0.4316203127180484,7.459914534642927
772,-0.194908280352681,1.1337700968670645,-2.9050225049976808
773,-0.1671217137864115,0.28257995048829965,-2.4673736476237678
774,0.7589285897867651,0.2811914239693758,28.693002827581324
775,0.3436182895684614,-1.763040155362734,38.361346589925894
776,-0.22096417382966393,0.02688583899453078,-14.397380505509245
777,1.0291556373256436,0.472597482413043,69.73343484320338
778,1.5231240772696573,0.5389100436846587,83.99770859740883
779,-2.703232292999237,0.6778753195309076,-118.93128751989647
780,0.28977485689641286,2.0754007986454384,49.37879884845726
781,0.33126343140356396,0.9755451271223592,0.4545834386638461
782,0.24075317948856825,2.601683114180395,12.125203200909244
783,0.2704568257798388,-0.05023810944913695,2.2636160292443144
784,-0.7020530938773524,-0.3276621465977682,-37.30182407583528
785,-0.7832532923362371,-0.3220615162056756,-14.704723150916667
786,-0.718444221252436,-0.21344715171184725,-62.81051231869641
787,-0.13744851462769184,0.9528745472029384,-44.07033285445373
788,0.9633761292443218,0.4127809269364983,30.93369084369187
789,2.056207129940322,-1.1032083657216831,34.426735177926396
790,0.20056919723094285,1.1486373494287152,7.487482969219759
791,-0.11232804969082963,-0.2209695995332226,-30.255003262103855
792,0.9261775475316414,1.9094166404701305,21.285804650849585
793,-0.4719318657894335,1.0889505969673663,2.791980327822083
794,0.5436001545944323,-0.37061433208610595,1.156273013163652
795,-0.5138669173366935,-1.0592135218889516,0.4803524816850988
796,1.0062928092144405,-0.5768918695231487,27.414207737594978
797,-0.019637798926681226,0.552489954417148,-34.68354408034459
798,0.25049285034587665,0.34644820949697586,36.562314460070546
799,-1.6924646297148194,1.5295503194606137,-71.14985924896384
800,0.5597904479310398,1.0807807255546218,28.25488971888337
801,0.6135179727304166,-1.0227925651984056,19.94313713358739
802,-0.3722067760710529,1.0887486197041858,-2.9026619532882307
803,0.9135846262332494,-0.8031789506803448,49.38119271803391
804,1.513449743242131,0.6308116845547775,78.36809092630527
805,0.8128621188389601,0.6296288419236122,70.47771782109297
806,-0.759132661553698,0.15039378647620763,-26.11791286986849
807,-1.2946814757209055,1.1608267873785192,-50.94652176556322
808,0.3384964074944141,-0.4152879139008013,12.745462207977559
809,-1.3598561409799192,0.7462535660272207,-20.689694662051764
810,0.5131057981760827,-0.2595466775839172,-2.870236565624868
811,0.3088330125989638,1.702214944635238,50.63860497799931
812,-1.344450511034277,-0.9186519464841982,-53.98567558767725
813,0.29875290836568624,-0.7517910500951843,4.864545443896387
814,0.028744822934817487,1.2784518626072987,-4.705938568510966
815,1.639964529371393,0.7421274910718922,59.525488628935896
816,-0.4465149520670211,0.8563987943234723,-33.96198301509507
817,0.9382838059759977,-0.5160447282173739,23.858137705784472
818,0.11327041053776446,-1.4382779783173667,29.89428843474429
819,-0.6680904536430488,0.9920423495365228,-10.43409804220256
820,0.570890510693167,1.135565640180599,43.50501275244434
821,1.066674689589154,1.1692955904456728,35.468207447972034
822,-0.9232332461109043,-1.3516846056163336,-73.02882728281725
823,0.03408346825922606,-0.7699732310586415,-20.916779390881494
824,-1.1437262073206618,0.10855970577652314,-60.22188290468115
825,-0.2489641484790735,0.9715709509543554,-12.763973992839986
826,0.005243699718183166,0.046980593764742055,-25.341866571990753
827,0.7223813578277714,-0.372833152091767,27.817841386386842
828,0.24938368371075526,1.5774532797634744,30.559018311698814
829,-0.2949496782920278,1.2477420726737338,21.72623400019588
830,0.2891686439078181,2.4553001399108942,38.26473621431291
831,-1.0536824191463543,-1.067802921579193,-62.69080041437664
832,1.3924653000643288,-0.2500465145989528,72.42070465813443
833,-0.8036745679697308,1.6391168054440675,7.2181177518654245
834,0.8294055811834892,-2.211135309007885,47.61736694359172
835,-0.47383934707091613,-0.014452270878279104,-17.681517521698797
836,-0.22346278532585084,0.7140004940920919,16.398026883088725
837,1.5792128155073915,0.7674347291529088,73.62247732371914
838,0.5689830791852754,1.628396623128538,49.69382485053206
839,1.5033983017671506,0.8773622905756714,83.25987897948764
840,-0.11122606134870032,-0.9039076414647897,10.936097658177196
841,0.924027019206901,-0.18490213644298903,48.73732243540804
842,0.19109906801990334,0.04643654815614881,21.727335310548455
843,0.06447441481012024,-1.9754665663538713,-1.1511029077675214
844,-0.4710383056183228,0.2320499373576363,-34.3473750972234
845,2.5600845382687947,-0.09605989972464987,102.61556589163709
846,0.7999419019420501,-1.616310608436588,46.47652283567992
847,-0.8353470532597573,2.1451491277733883,-42.601138055708525
848,-0.15005558703252717,0.12557645347154262,-6.2840244497505315
849,0.16645220821305598,0.4924512640081488,-20.59510952344765
850,-0.5805234498047227,0.5885784044206096,19.992932757490657
851,-1.3202332070206422,1.8314587658543537,-54.487857986277845
852,0.010352619843380607,-1.3118362323501596,2.827075747969202
853,-0.553649305347182,-1.1978778925888485,-14.634083806301103
854,-0.0952955323869521,0.27902152577033923,7.402319199231778
855,-2.3629324355418384,-1.0097307047099375,-96.8395826477677
856,1.5931866266393973,-0.5112156764311853,74.80361973806887
857,1.7654542402810969,0.40498171096095553,50.92980940312016
858,-1.377669367957091,-0.9378250399151228,-86.06462028540125
859,-1.8408742313316453,-1.2795769667357015,-80.18928762083736
860,0.8951932200277323,0.6351718016819695,24.128445453006776
861,1.0225704320096403,2.439752406339273,79.66365813045323
862,-0.10015407647995278,-0.20367375017696587,-10.251733612616901
863,0.8700677306887539,0.4956818879726045,45.249433787903
864,0.8406435489887243,-0.6526239793023911,30.4229520787454
865,-1.594427658794367,-0.5993750229537729,-54.471490975366464
866,0.6819529712949639,-0.31026675659345604,3.4855228260643933
867,-0.8222203955664315,0.2436872114919123,-38.26150083279522
868,0.7368438970924334,-0.2813275571182134,18.396295954223216
869,-1.015821818978397,0.06167984984797165,-59.48158387959081
870,1.4412732890661155,-1.4358621511794394,80.17747020750627
871,-0.08268068584269925,-0.12174750838328353,8.284586699529015
872,-0.027514905050636255,1.772251596669744,7.042972265651812
873,0.32692737376416264,-0.21910052880886424,-0.08705753638558811
874,0.34175597577715944,1.8761708392158862,13.05803845541275
875,-1.515191062198552,1.3668742674445244,-60.802421891821915
876,-0.535963445114048,0.8080577982811451,-22.641612134698775
877,-2.038124535177854,-1.008086310917404,-80.38651655302475
878,-0.5353281859539227,-0.09053328230416077,-18.509013997742322
879,2.0740826697499735,-0.9193845915864234,102.83006936617258
880,1.0005823180429783,-0.6706202090766449,56.01659562242571
881,2.1898029332176723,-0.8082982853551515,93.05618734005182
882,-0.2090232572860252,-0.8505204542092998,-31.72003177401707
883,0.49097495163825133,0.7348777860498175,14.723891607696022
884,1.4511436077950417,0.9592708260852069,56.8242413044969
885,-0.18047991359062565,3.193107567844861,2.739393397778189
886,-0.23893209916969452,-0.36682441181468783,20.370695278929865
887,-1.090399077442846,1.41093237974627,1.8948652975173417
888,1.1950466289248425,-1.5231869047837747,55.979712013963
889,1.6122782579886454,1.3149144535840473,31.902620871516085
890,-1.0810565404082624,1.0531528533329035,-35.67178096002991
891,-1.5193699659540134,-0.48423407286625136,-50.687244305817146
892,0.5796331732135757,0.32579631658216646,24.507738833357283
893,0.11351734525124799,0.6621306745210463,12.458912337978624
894,1.1581108735000678,0.7916626939629359,32.07131444033899
895,0.020793707675407887,-0.7280029412291342,49.90166254395667
896,-2.081929407883722,1.6964563682900382,-80.94395792386337
897,0.09965136508764122,-0.5034756541161992,-48.042906373449654
898,0.0051134566424609,-0.23458713337514742,-18.682938187257122
899,0.17086543812794186,-0.18398333635267913,-6.843696146642117
900,-0.2688886905548305,-1.1065259087416701,-4.340038203738567
901,0.2809918677350327,-0.6226995198205939,-24.689148119840194
902,-0.5756378262377739,0.12200981464536144,-15.753446928927108
903,-0.15800789857898942,-0.42688106994742003,-20.41647445274655
904,0.07005216311318137,1.1618783026081902,-1.1709450285681768
905,0.9154021177020741,0.32875110965968446,61.85730852503174
906,1.5475052013300616,1.7958776730955217,71.36741631325368
907,0.5049872789804571,0.8657551941701215,21.015379778795854
908,-0.4363858905265686,-0.10960980392583083,-22.227008550201532
909,0.6337768809320985,0.41379909745149823,28.4025231767512
910,0.16865467196672768,0.44194064956940904,23.493439253436353
911,-0.34268759408034877,-0.37144086599579146,-16.261646523902225
912,1.5505004928140769,-0.998354040738791,77.4781158715436
913,0.7783610761666377,-0.5511857163285334,18.733104793943863
914,0.7858001586508322,0.42545756178496474,24.93641666044598
915,1.5945050632249722,-0.8469613483183278,88.60610193377411
916,0.2088635950047554,-1.9596701238797756,-3.2341268521783277
917,-0.03955515385665504,0.6815006973726244,-11.546491566582464
918,-0.622649361734452,0.1946074552372427,-31.76429501658589
919,-0.19068240076334658,0.21743287317972287,-6.26002313238213
920,-0.0349884904969617,1.77080063563551,-4.905283450429662
921,-1.803139676255945,-1.5841359430054898,-114.20731690327615
922,-0.5443827245251827,0.11092258970986608,-4.840478847736087
923,0.132969674146876,-0.7001208149391732,-23.96145331368199
924,-0.7877837519082389,-0.620847598251116,-52.65967629305118
925,-1.0372461543264564,-0.1903386780836082,-46.0343690796568
926,0.26912694124510733,-0.3431922754974105,48.43644554098574
927,0.6218099622171964,-1.5702247198904564,35.6542448541209
928,-0.20812225035727533,-0.4930009346588331,-28.297023846574746
929,0.6963874474567154,0.9553052085705108,25.623150149743672
930,1.3821589910375272,0.6487098875896427,46.73989223634815
931,-0.297563503359992,1.3757068133116197,-9.026517041679723
932,1.5284684264125317,0.5078357562896237,96.22451188733214
933,-0.07443342910004629,0.620672097550678,-17.523403561146612
934,1.1487657003721035,-1.7397137787780996,16.909443342343778
935,-0.4694743859349521,0.5425600435859647,-15.507067000611123
936,0.06785551052740331,0.8527736751222197,18.032922150743417
937,0.324083969394795,-0.38508228041631654,35.43067362386499
938,0.28869362927985703,0.2603218387712207,4.360494864787331
939,-0.26940683444455765,0.7175422557959621,35.763193978525884
940,1.4469778843537329,0.19655477651157463,76.43279474025441
941,-0.6435498323174619,1.0299608175811612,-11.524630012980971
942,0.597400069849858,0.7011727423108983,-0.02285344514002574
943,0.05701312489708459,0.26859227886325737,-12.274558561243133
944,-0.46341769281246226,-0.46572975357025687,-38.2820824577864
945,1.1428228145150205,0.7519330326867741,48.74112083215522
946,-1.366878698415421,-0.22476540189268354,-50.13719076596257
947,1.6871416350725648,0.8816397569494505,56.528640099151076
948,-0.42018681709585753,-0.2817846088605074,-7.936608294886318
949,-0.17018462252492844,-0.4532280493272752,-11.39902901970515
950,-0.8604133652839524,-0.38455554422982535,-30.61290191677253
951,-0.8275902206487197,0.08614388304637476,-21.660544222123733
952,-0.6514180036144483,-0.48388583405432156,-20.076451254860174
953,-0.0796413912457152,0.4523717962497342,-28.359950477595255
954,1.085895565831578,0.4746982328799528,25.502310764977175
955,0.5906548306923093,1.1087035805829077,37.24895907629423
956,-1.6074832345612275,0.1846338585323042,-60.2766062244681
957,0.5765569630557664,0.3112501545435361,27.644454582365903
958,-0.6255627015095294,0.39580353343740904,-10.7173586943993
959,0.19584525509768155,-0.978372777615032,-32.63239518652828
960,-1.006017381499702,-1.2141886127877322,-17.35964679550004
961,-0.9983854391882915,0.30179189981946597,-44.35030533461569
962,-0.8323555731042287,0.4714155563864041,-19.481810248954034
963,-0.9885911071509176,-1.1035893172157711,-56.67699446546338
964,0.20838280794755248,-2.0417348684242906,-10.589264080188293
965,-1.0003313246055747,-0.6777449705248515,-56.16329723787575
966,-0.012246772846914623,-0.8972543714858315,-31.57289336956799
967,1.3902075490173134,0.5578103063518622,63.71513537771954
968,0.5365098435704035,-0.8984679817910373,2.7541996583835484
969,0.12229750303228384,0.5432980290363882,-15.228220651137597
970,-0.025554070991445278,1.1727290192593647,16.17348470181456
971,-1.5625458568865427,-0.5290526773462948,-82.50444559079736
972,-1.3719011429313563,-1.6135613978767411,-51.366305811337796
973,1.185704154662997,0.7189533106650667,73.4907760749031
974,-1.7249178325130328,-0.5622875292409727,-55.18277274664547
975,0.33231401197959165,-0.7484865365565536,8.57379921697668
976,-1.1875984190295128,0.3098207102270275,-50.332611285824946
977,-0.5765104007267194,-2.59104229214491,-45.8425066265973
978,-0.11564828238824053,-0.3011036955892888,-32.872105405620786
979,1.551151975522523,0.11567463429285867,38.90381526419633
980,-2.650969808393012,1.0915068519224618,-90.70436700232675
981,1.2557561255735208,-0.8946073022195039,19.22573315084858
982,-0.6231405264247644,-0.5554771191602547,-30.27897134037822
983,1.301741289398798,1.5615111967268527,91.92957931624306
984,-1.5839028234857233,0.7604146561442974,-73.25678194642359
985,-0.8397218421807761,-0.5993926454440222,2.3439898540483384
986,1.221033695525353,0.5820977034686158,71.45860057222927
987,1.2969945465611092,-0.022868062298882122,47.78285831624363
988,-0.6269670577877674,1.8124485579969287,-18.168305370897308
989,2.3146585666735087,-1.8672651925917483,82.72384733506742
990,-0.1852876588777083,-0.12982069973342616,3.575762547279073
991,2.0883747047807275,-0.13958962815517376,91.88994399181145
992,0.3376026620752022,-0.4118769661224674,20.277055870899183
993,-0.5176112990361714,0.2237879516388985,15.396606996686067
994,-0.16013279556664034,0.6713400764504653,-7.836555026548485
995,-0.7539645888666763,-0.28067507686677406,-33.81761096996569
996,-2.172669546014036,0.8474216771504216,-59.2624656406042
997,0.30263546523903323,-0.7542758500193579,-0.8204937392206437
998,0.38193545223155334,0.43004164719106963,66.92186804045963
999,0.0773683076476183,-0.8612842013282637,-6.31801739495245
